{
  "keys": [
    {
      "label": "GD-VTS-HMAC-XPAYIN-001",
      "type": "HMAC_UTF",
      "value": "<UTF encoded HMAC key as received from Visa>",
      "description": "X-pay-token inbound super key to VTS PROD"
    },
    {
      "label": "GD-VTS-HMAC-XPAYOUT-001",
      "type": "HMAC_UTF",
      "value": "<UTF encoded HMAC key as received from Visa>",
      "description": "X-pay-token outbound super key to VTS PROD"
    },
    {
      "label": "GD-VTS-AES-ENCDEC-001",
      "type": "AES_UTF_VTS",
      "value": "<UTF encoded AES key as received from Visa>",
      "description": "Encryption / Decryption super key to VTS PROD"
    },
    {
      "label": "GD-VTS-RSAPRIV-MASTER-001",
      "type": "P12_RSA_PKE_PRIV",
      "keyStoreName": "gdEcom-vts-master.p12",
      "keyStorePass": "",
      "keyAlias": "",
      "keyPass": "",
      "description": "Master Private Key for VTS PROD"
    }
  ]
}
