{
  "keys": [
    {
      "label": "GD-MC-RSAPRIV-OAUTH-001",
      "type": "P12_RSA_PKE_PRIV",
      "keyStoreName": "oauth.p12",
      "keyStorePass": "",
      "keyAlias": "",
      "keyPass": "",
      "description": "MC API Signing Key (OAuth key)"
    },
    {
      "label": "GD-MC-RSAPRIV-DEC-001",
      "type": "P12_RSA_PKE_PRIV",
      "keyStoreName": "enc.p12",
      "keyStorePass": "",
      "keyAlias": "",
      "keyPass": "",
      "description": "MC Payload Encryption Key"
    },
    {
      "label": "GD-MC-RSAPUB-VERIFY-001",
      "type": "JWK_RSA_PUB",
      "jwkFileName": "mc-public-keys.jwk",
      "jwkKid": "xxxxxx-src-payload-verification",
      "description": "MC Payload Signing Key"
    },
    {
      "label": "GD-MC-RSAPUB-ENC-001",
      "type": "JWK_RSA_PUB",
      "jwkFileName": "mc-public-keys.jwk",
      "jwkKid": "xxxxxx-src-fpan-encryption",
      "description": "MC FPAN Encryption Key"
    }
  ]
}
