{
  "$schema": "https://schema.management.azure.com/schemas/2019-04-01/deploymentTemplate.json#",
  "contentVersion": "1.0.0.0",
  "parameters": {
    "name": {
      "type": "String"
    },
    "tagsArray": {
      "type": "Object"
    },
    "aiResourceId": {
      "type": "String"
    },
    "wpResourceId": {
      "type": "String"
    }
  },
  "variables": {
    "name": "[parameters('name')]"
  },
  "outputs": {
    "ampls": {
      "type": "Object",
      "value": "[reference(variables('name'))]"
    }
  },
  "resources": [
    {
      "name": "[parameters('name')]",
      "type": "microsoft.insights/privateLinkScopes",
      "apiVersion": "2019-10-17-preview",
      "location": "global",
      "tags": "[parameters('tagsArray')]",
      "properties": {},
      "resources": [
        {
          "name": "ai",
          "type": "scopedResources",
          "apiVersion": "2019-10-17-preview",
          "properties": {
            "linkedResourceId": "[parameters('aiResourceId')]"
          },
          "dependsOn": [
              "[resourceId('microsoft.insights/privateLinkScopes', parameters('name'))]"
          ]
        },
        {
          "name": "wp",
          "type": "scopedResources",
          "apiVersion": "2019-10-17-preview",
          "properties": {
            "linkedResourceId": "[parameters('wpResourceId')]"
          },
          "dependsOn": [
              "[resourceId('microsoft.insights/privateLinkScopes', parameters('name'))]"
          ]
        }
      ]
    }
  ]
}
