{
  "$schema": "https://schema.management.azure.com/schemas/2019-04-01/deploymentTemplate.json#",
  "contentVersion": "1.0.0.0",
  "parameters": {
    "name": {
      "type": "String"
    },
    "storageAccountName": {
      "type": "String"
    }
  },
  "variables": {
  },
  "outputs": {
  },
  "resources": [
    {
      "name": "[concat(parameters('name'), '/ServiceProfiler')]",
      "type": "microsoft.insights/components/linkedStorageAccounts",
      "apiVersion": "2020-03-01-preview",
      "properties": {
        "linkedStorageAccount": "[parameters('storageAccountName')]"
      }
    }
  ]
}
