{
  "properties": {
    "lenses": {
      "0": {
        "order": 0,
        "parts": {
          "0": {
            "position": {
              "x": 0,
              "y": 0,
              "colSpan": 25,
              "rowSpan": 1
            },
            "metadata": {
              "inputs": [],
              "type": "Extension/HubsExtension/PartType/MarkdownPart",
              "settings": {
                "content": {
                  "content": "",
                  "title": "Reactor Netty Connection Pool",
                  "subtitle": "",
                  "markdownSource": 1,
                  "markdownUri": ""
                }
              }
            }
          },
          "1": {
            "position": {
              "x": 0,
              "y": 1,
              "colSpan": 14,
              "rowSpan": 4
            },
            "metadata": {
              "inputs": [
                {
                  "name": "resourceTypeMode",
                  "isOptional": true
                },
                {
                  "name": "ComponentId",
                  "isOptional": true
                },
                {
                  "name": "Scope",
                  "value": {
                    "resourceIds": [
                      "/subscriptions/67532a3a-a6ee-4e9c-a151-954f2006c51c/resourcegroups/rg-cpecom-dev-canadacentral-001/providers/microsoft.operationalinsights/workspaces/analytics-wp-cpecom-dev-canadacentral-001"
                    ]
                  },
                  "isOptional": true
                },
                {
                  "name": "PartId",
                  "value": "9e1260a8-db02-494b-b102-e4cdb213b17a",
                  "isOptional": true
                },
                {
                  "name": "Version",
                  "value": "2.0",
                  "isOptional": true
                },
                {
                  "name": "TimeRange",
                  "value": "PT1H",
                  "isOptional": true
                },
                {
                  "name": "DashboardId",
                  "isOptional": true
                },
                {
                  "name": "DraftRequestParameters",
                  "isOptional": true
                },
                {
                  "name": "Query",
                  "value": "InsightsMetrics \n| where Namespace == \"prometheus\" and (\n    Name == \"reactor_netty_connection_provider_active_connections\" or \n    Name == \"reactor_netty_connection_provider_pending_connections\" or \n    Name == \"reactor_netty_connection_provider_total_connections\"\n)\n| extend App = extract(\"\\\"app\\\":\\\"(.*?)\\\"\", 1, Tags, typeof(string))\n| where App == \"core-app\"\n| extend PodName = extract(\"\\\"pod_name\\\":\\\"(.*?)\\\"\", 1, Tags, typeof(string))\n| extend RemoteAddress = extract(\"\\\"remote_address\\\":\\\"(.*?)\\\"\", 1, Tags, typeof(string))\n| where RemoteAddress == \"tspgw-app:80\"\n| extend Dimension = strcat(PodName, \" - \", Name)\n| summarize by Val, TimeGenerated, Dimension\n| render timechart \n\n",
                  "isOptional": true
                },
                {
                  "name": "ControlType",
                  "value": "FrameControlChart",
                  "isOptional": true
                },
                {
                  "name": "SpecificChart",
                  "value": "Line",
                  "isOptional": true
                },
                {
                  "name": "PartTitle",
                  "value": "Analytics",
                  "isOptional": true
                },
                {
                  "name": "PartSubTitle",
                  "value": "analytics-wp-cpecom-dev-canadacentral-001",
                  "isOptional": true
                },
                {
                  "name": "Dimensions",
                  "value": {
                    "xAxis": {
                      "name": "TimeGenerated",
                      "type": "datetime"
                    },
                    "yAxis": [
                      {
                        "name": "Val",
                        "type": "real"
                      }
                    ],
                    "splitBy": [
                      {
                        "name": "Dimension",
                        "type": "string"
                      }
                    ],
                    "aggregation": "Sum"
                  },
                  "isOptional": true
                },
                {
                  "name": "LegendOptions",
                  "value": {
                    "isEnabled": true,
                    "position": "Bottom"
                  },
                  "isOptional": true
                },
                {
                  "name": "IsQueryContainTimeRange",
                  "value": false,
                  "isOptional": true
                }
              ],
              "type": "Extension/Microsoft_OperationsManagementSuite_Workspace/PartType/LogsDashboardPart",
              "settings": {
                "content": {
                  "Query": "InsightsMetrics \n| where Namespace == \"prometheus\" and (\n    Name == \"reactor_netty_connection_provider_active_connections\" or \n    Name == \"reactor_netty_connection_provider_pending_connections\" or \n    Name == \"reactor_netty_connection_provider_total_connections\"\n)\n| extend App = extract(\"\\\"app\\\":\\\"(.*?)\\\"\", 1, Tags, typeof(string))\n| where App == \"custgw-app\"\n| extend PodName = extract(\"\\\"pod_name\\\":\\\"(.*?)\\\"\", 1, Tags, typeof(string))\n| extend RemoteAddress = extract(\"\\\"remote_address\\\":\\\"(.*?)\\\"\", 1, Tags, typeof(string))\n| where RemoteAddress == \"core-app:80\"\n| extend Dimension = strcat(PodName, \" - \", Name)\n| summarize by Val, TimeGenerated, Dimension\n| render timechart \n\n",
                  "PartTitle": "Netty connection provider - cusgw - core"
                }
              }
            }
          },
          "2": {
            "position": {
              "x": 14,
              "y": 1,
              "colSpan": 14,
              "rowSpan": 4
            },
            "metadata": {
              "inputs": [
                {
                  "name": "resourceTypeMode",
                  "isOptional": true
                },
                {
                  "name": "ComponentId",
                  "isOptional": true
                },
                {
                  "name": "Scope",
                  "value": {
                    "resourceIds": [
                      "/subscriptions/67532a3a-a6ee-4e9c-a151-954f2006c51c/resourcegroups/rg-cpecom-dev-canadacentral-001/providers/microsoft.operationalinsights/workspaces/analytics-wp-cpecom-dev-canadacentral-001"
                    ]
                  },
                  "isOptional": true
                },
                {
                  "name": "PartId",
                  "value": "9e1260a8-db02-494b-b102-e4cdb213b17a",
                  "isOptional": true
                },
                {
                  "name": "Version",
                  "value": "2.0",
                  "isOptional": true
                },
                {
                  "name": "TimeRange",
                  "value": "PT1H",
                  "isOptional": true
                },
                {
                  "name": "DashboardId",
                  "isOptional": true
                },
                {
                  "name": "DraftRequestParameters",
                  "isOptional": true
                },
                {
                  "name": "Query",
                  "value": "InsightsMetrics \n| where Namespace == \"prometheus\" and (\n    Name == \"reactor_netty_connection_provider_active_connections\" or \n    Name == \"reactor_netty_connection_provider_pending_connections\" or \n    Name == \"reactor_netty_connection_provider_total_connections\"\n)\n| extend App = extract(\"\\\"app\\\":\\\"(.*?)\\\"\", 1, Tags, typeof(string))\n| where App == \"core-app\"\n| extend PodName = extract(\"\\\"pod_name\\\":\\\"(.*?)\\\"\", 1, Tags, typeof(string))\n| extend RemoteAddress = extract(\"\\\"remote_address\\\":\\\"(.*?)\\\"\", 1, Tags, typeof(string))\n| where RemoteAddress == \"tspgw-app:80\"\n| extend Dimension = strcat(PodName, \" - \", Name)\n| summarize by Val, TimeGenerated, Dimension\n| render timechart \n\n",
                  "isOptional": true
                },
                {
                  "name": "ControlType",
                  "value": "FrameControlChart",
                  "isOptional": true
                },
                {
                  "name": "SpecificChart",
                  "value": "Line",
                  "isOptional": true
                },
                {
                  "name": "PartTitle",
                  "value": "Analytics",
                  "isOptional": true
                },
                {
                  "name": "PartSubTitle",
                  "value": "analytics-wp-cpecom-dev-canadacentral-001",
                  "isOptional": true
                },
                {
                  "name": "Dimensions",
                  "value": {
                    "xAxis": {
                      "name": "TimeGenerated",
                      "type": "datetime"
                    },
                    "yAxis": [
                      {
                        "name": "Val",
                        "type": "real"
                      }
                    ],
                    "splitBy": [
                      {
                        "name": "Dimension",
                        "type": "string"
                      }
                    ],
                    "aggregation": "Sum"
                  },
                  "isOptional": true
                },
                {
                  "name": "LegendOptions",
                  "value": {
                    "isEnabled": true,
                    "position": "Bottom"
                  },
                  "isOptional": true
                },
                {
                  "name": "IsQueryContainTimeRange",
                  "value": false,
                  "isOptional": true
                }
              ],
              "type": "Extension/Microsoft_OperationsManagementSuite_Workspace/PartType/LogsDashboardPart",
              "settings": {
                "content": {
                  "Query": "InsightsMetrics \n| where Namespace == \"prometheus\" and (\n    Name == \"reactor_netty_connection_provider_active_connections\" or \n    Name == \"reactor_netty_connection_provider_pending_connections\" or \n    Name == \"reactor_netty_connection_provider_total_connections\"\n    )\n| extend App = extract(\"\\\"app\\\":\\\"(.*?)\\\"\", 1, Tags, typeof(string))\n| where App == \"custgw-app\"\n| extend PodName = extract(\"\\\"pod_name\\\":\\\"(.*?)\\\"\", 1, Tags, typeof(string))\n| extend RemoteAddress = extract(\"\\\"remote_address\\\":\\\"(.*?)\\\"\", 1, Tags, typeof(string))\n| where RemoteAddress == \"transact-app:80\"\n| extend Dimension = strcat(PodName, \" - \", Name)\n| summarize by Val, TimeGenerated, Dimension\n| render timechart \n\n",
                  "PartTitle": "Netty connection provider - cusgw - transact"
                }
              }
            }
          },
          "3": {
            "position": {
              "x": 0,
              "y": 5,
              "colSpan": 14,
              "rowSpan": 4
            },
            "metadata": {
              "inputs": [
                {
                  "name": "resourceTypeMode",
                  "isOptional": true
                },
                {
                  "name": "ComponentId",
                  "isOptional": true
                },
                {
                  "name": "Scope",
                  "value": {
                    "resourceIds": [
                      "/subscriptions/67532a3a-a6ee-4e9c-a151-954f2006c51c/resourcegroups/rg-cpecom-dev-canadacentral-001/providers/microsoft.operationalinsights/workspaces/analytics-wp-cpecom-dev-canadacentral-001"
                    ]
                  },
                  "isOptional": true
                },
                {
                  "name": "PartId",
                  "value": "9e1260a8-db02-494b-b102-e4cdb213b17a",
                  "isOptional": true
                },
                {
                  "name": "Version",
                  "value": "2.0",
                  "isOptional": true
                },
                {
                  "name": "TimeRange",
                  "value": "PT1H",
                  "isOptional": true
                },
                {
                  "name": "DashboardId",
                  "isOptional": true
                },
                {
                  "name": "DraftRequestParameters",
                  "isOptional": true
                },
                {
                  "name": "Query",
                  "value": "InsightsMetrics \n| where Namespace == \"prometheus\" and (\n    Name == \"reactor_netty_connection_provider_active_connections\" or \n    Name == \"reactor_netty_connection_provider_pending_connections\" or \n    Name == \"reactor_netty_connection_provider_total_connections\"\n)\n| extend App = extract(\"\\\"app\\\":\\\"(.*?)\\\"\", 1, Tags, typeof(string))\n| where App == \"core-app\"\n| extend PodName = extract(\"\\\"pod_name\\\":\\\"(.*?)\\\"\", 1, Tags, typeof(string))\n| extend RemoteAddress = extract(\"\\\"remote_address\\\":\\\"(.*?)\\\"\", 1, Tags, typeof(string))\n| where RemoteAddress == \"tspgw-app:80\"\n| extend Dimension = strcat(PodName, \" - \", Name)\n| summarize by Val, TimeGenerated, Dimension\n| render timechart \n\n",
                  "isOptional": true
                },
                {
                  "name": "ControlType",
                  "value": "FrameControlChart",
                  "isOptional": true
                },
                {
                  "name": "SpecificChart",
                  "value": "Line",
                  "isOptional": true
                },
                {
                  "name": "PartTitle",
                  "value": "Analytics",
                  "isOptional": true
                },
                {
                  "name": "PartSubTitle",
                  "value": "analytics-wp-cpecom-dev-canadacentral-001",
                  "isOptional": true
                },
                {
                  "name": "Dimensions",
                  "value": {
                    "xAxis": {
                      "name": "TimeGenerated",
                      "type": "datetime"
                    },
                    "yAxis": [
                      {
                        "name": "Val",
                        "type": "real"
                      }
                    ],
                    "splitBy": [
                      {
                        "name": "Dimension",
                        "type": "string"
                      }
                    ],
                    "aggregation": "Sum"
                  },
                  "isOptional": true
                },
                {
                  "name": "LegendOptions",
                  "value": {
                    "isEnabled": true,
                    "position": "Bottom"
                  },
                  "isOptional": true
                },
                {
                  "name": "IsQueryContainTimeRange",
                  "value": false,
                  "isOptional": true
                }
              ],
              "type": "Extension/Microsoft_OperationsManagementSuite_Workspace/PartType/LogsDashboardPart",
              "settings": {
                "content": {
                  "PartTitle": "Netty connection provider - core - tspgw"
                }
              }
            }
          },
          "4": {
            "position": {
              "x": 14,
              "y": 5,
              "colSpan": 14,
              "rowSpan": 4
            },
            "metadata": {
              "inputs": [
                {
                  "name": "resourceTypeMode",
                  "isOptional": true
                },
                {
                  "name": "ComponentId",
                  "isOptional": true
                },
                {
                  "name": "Scope",
                  "value": {
                    "resourceIds": [
                      "/subscriptions/67532a3a-a6ee-4e9c-a151-954f2006c51c/resourcegroups/rg-cpecom-dev-canadacentral-001/providers/microsoft.operationalinsights/workspaces/analytics-wp-cpecom-dev-canadacentral-001"
                    ]
                  },
                  "isOptional": true
                },
                {
                  "name": "PartId",
                  "value": "9e1260a8-db02-494b-b102-e4cdb213b17a",
                  "isOptional": true
                },
                {
                  "name": "Version",
                  "value": "2.0",
                  "isOptional": true
                },
                {
                  "name": "TimeRange",
                  "value": "PT1H",
                  "isOptional": true
                },
                {
                  "name": "DashboardId",
                  "isOptional": true
                },
                {
                  "name": "DraftRequestParameters",
                  "isOptional": true
                },
                {
                  "name": "Query",
                  "value": "InsightsMetrics \n| where Namespace == \"prometheus\" and (\n    Name == \"reactor_netty_connection_provider_active_connections\" or \n    Name == \"reactor_netty_connection_provider_pending_connections\" or \n    Name == \"reactor_netty_connection_provider_total_connections\"\n)\n| extend App = extract(\"\\\"app\\\":\\\"(.*?)\\\"\", 1, Tags, typeof(string))\n| where App == \"core-app\"\n| extend PodName = extract(\"\\\"pod_name\\\":\\\"(.*?)\\\"\", 1, Tags, typeof(string))\n| extend RemoteAddress = extract(\"\\\"remote_address\\\":\\\"(.*?)\\\"\", 1, Tags, typeof(string))\n| where RemoteAddress == \"tspgw-app:80\"\n| extend Dimension = strcat(PodName, \" - \", Name)\n| summarize by Val, TimeGenerated, Dimension\n| render timechart \n\n",
                  "isOptional": true
                },
                {
                  "name": "ControlType",
                  "value": "FrameControlChart",
                  "isOptional": true
                },
                {
                  "name": "SpecificChart",
                  "value": "Line",
                  "isOptional": true
                },
                {
                  "name": "PartTitle",
                  "value": "Analytics",
                  "isOptional": true
                },
                {
                  "name": "PartSubTitle",
                  "value": "analytics-wp-cpecom-dev-canadacentral-001",
                  "isOptional": true
                },
                {
                  "name": "Dimensions",
                  "value": {
                    "xAxis": {
                      "name": "TimeGenerated",
                      "type": "datetime"
                    },
                    "yAxis": [
                      {
                        "name": "Val",
                        "type": "real"
                      }
                    ],
                    "splitBy": [
                      {
                        "name": "Dimension",
                        "type": "string"
                      }
                    ],
                    "aggregation": "Sum"
                  },
                  "isOptional": true
                },
                {
                  "name": "LegendOptions",
                  "value": {
                    "isEnabled": true,
                    "position": "Bottom"
                  },
                  "isOptional": true
                },
                {
                  "name": "IsQueryContainTimeRange",
                  "value": false,
                  "isOptional": true
                }
              ],
              "type": "Extension/Microsoft_OperationsManagementSuite_Workspace/PartType/LogsDashboardPart",
              "settings": {
                "content": {
                  "Query": "InsightsMetrics \n| where Namespace == \"prometheus\" and (\n    Name == \"reactor_netty_connection_provider_active_connections\" or \n    Name == \"reactor_netty_connection_provider_pending_connections\" or \n    Name == \"reactor_netty_connection_provider_total_connections\"\n)\n| extend App = extract(\"\\\"app\\\":\\\"(.*?)\\\"\", 1, Tags, typeof(string))\n| where App == \"transact-app\"\n| extend PodName = extract(\"\\\"pod_name\\\":\\\"(.*?)\\\"\", 1, Tags, typeof(string))\n| extend RemoteAddress = extract(\"\\\"remote_address\\\":\\\"(.*?)\\\"\", 1, Tags, typeof(string))\n| where RemoteAddress == \"crypto-app:80\"\n| extend Dimension = strcat(PodName, \" - \", Name)\n| summarize by Val, TimeGenerated, Dimension\n| render timechart \n\n",
                  "PartTitle": "Netty connection provider - transact - crypto"
                }
              }
            }
          },
          "5": {
            "position": {
              "x": 0,
              "y": 10,
              "colSpan": 14,
              "rowSpan": 4
            },
            "metadata": {
              "inputs": [
                {
                  "name": "resourceTypeMode",
                  "isOptional": true
                },
                {
                  "name": "ComponentId",
                  "isOptional": true
                },
                {
                  "name": "Scope",
                  "value": {
                    "resourceIds": [
                      "/subscriptions/67532a3a-a6ee-4e9c-a151-954f2006c51c/resourcegroups/rg-cpecom-dev-canadacentral-001/providers/microsoft.operationalinsights/workspaces/analytics-wp-cpecom-dev-canadacentral-001"
                    ]
                  },
                  "isOptional": true
                },
                {
                  "name": "PartId",
                  "value": "9e1260a8-db02-494b-b102-e4cdb213b17a",
                  "isOptional": true
                },
                {
                  "name": "Version",
                  "value": "2.0",
                  "isOptional": true
                },
                {
                  "name": "TimeRange",
                  "value": "PT1H",
                  "isOptional": true
                },
                {
                  "name": "DashboardId",
                  "isOptional": true
                },
                {
                  "name": "DraftRequestParameters",
                  "isOptional": true
                },
                {
                  "name": "Query",
                  "value": "InsightsMetrics \n| where Namespace == \"prometheus\" and (\n    Name == \"reactor_netty_connection_provider_active_connections\" or \n    Name == \"reactor_netty_connection_provider_pending_connections\" or \n    Name == \"reactor_netty_connection_provider_total_connections\"\n)\n| extend App = extract(\"\\\"app\\\":\\\"(.*?)\\\"\", 1, Tags, typeof(string))\n| where App == \"core-app\"\n| extend PodName = extract(\"\\\"pod_name\\\":\\\"(.*?)\\\"\", 1, Tags, typeof(string))\n| extend RemoteAddress = extract(\"\\\"remote_address\\\":\\\"(.*?)\\\"\", 1, Tags, typeof(string))\n| where RemoteAddress == \"tspgw-app:80\"\n| extend Dimension = strcat(PodName, \" - \", Name)\n| summarize by Val, TimeGenerated, Dimension\n| render timechart \n\n",
                  "isOptional": true
                },
                {
                  "name": "ControlType",
                  "value": "FrameControlChart",
                  "isOptional": true
                },
                {
                  "name": "SpecificChart",
                  "value": "Line",
                  "isOptional": true
                },
                {
                  "name": "PartTitle",
                  "value": "Analytics",
                  "isOptional": true
                },
                {
                  "name": "PartSubTitle",
                  "value": "analytics-wp-cpecom-dev-canadacentral-001",
                  "isOptional": true
                },
                {
                  "name": "Dimensions",
                  "value": {
                    "xAxis": {
                      "name": "TimeGenerated",
                      "type": "datetime"
                    },
                    "yAxis": [
                      {
                        "name": "Val",
                        "type": "real"
                      }
                    ],
                    "splitBy": [
                      {
                        "name": "Dimension",
                        "type": "string"
                      }
                    ],
                    "aggregation": "Sum"
                  },
                  "isOptional": true
                },
                {
                  "name": "LegendOptions",
                  "value": {
                    "isEnabled": true,
                    "position": "Bottom"
                  },
                  "isOptional": true
                },
                {
                  "name": "IsQueryContainTimeRange",
                  "value": false,
                  "isOptional": true
                }
              ],
              "type": "Extension/Microsoft_OperationsManagementSuite_Workspace/PartType/LogsDashboardPart",
              "settings": {
                "content": {
                  "Query": "InsightsMetrics \n| where Namespace == \"prometheus\" and (\n    Name == \"reactor_netty_connection_provider_active_connections\" or \n    Name == \"reactor_netty_connection_provider_pending_connections\" or \n    Name == \"reactor_netty_connection_provider_total_connections\"\n)\n| extend App = extract(\"\\\"app\\\":\\\"(.*?)\\\"\", 1, Tags, typeof(string))\n| where App == \"core-app\"\n| extend PodName = extract(\"\\\"pod_name\\\":\\\"(.*?)\\\"\", 1, Tags, typeof(string))\n| extend RemoteAddress = extract(\"\\\"remote_address\\\":\\\"(.*?)\\\"\", 1, Tags, typeof(string))\n| where RemoteAddress == \"crypto-app:80\"\n| extend Dimension = strcat(PodName, \" - \", Name)\n| summarize by Val, TimeGenerated, Dimension\n| render timechart \n\n",
                  "PartTitle": "Netty connection provider - core - crypto"
                }
              }
            }
          },
          "6": {
            "position": {
              "x": 14,
              "y": 10,
              "colSpan": 14,
              "rowSpan": 4
            },
            "metadata": {
              "inputs": [
                {
                  "name": "resourceTypeMode",
                  "isOptional": true
                },
                {
                  "name": "ComponentId",
                  "isOptional": true
                },
                {
                  "name": "Scope",
                  "value": {
                    "resourceIds": [
                      "/subscriptions/67532a3a-a6ee-4e9c-a151-954f2006c51c/resourcegroups/rg-cpecom-dev-canadacentral-001/providers/microsoft.operationalinsights/workspaces/analytics-wp-cpecom-dev-canadacentral-001"
                    ]
                  },
                  "isOptional": true
                },
                {
                  "name": "PartId",
                  "value": "9e1260a8-db02-494b-b102-e4cdb213b17a",
                  "isOptional": true
                },
                {
                  "name": "Version",
                  "value": "2.0",
                  "isOptional": true
                },
                {
                  "name": "TimeRange",
                  "value": "PT1H",
                  "isOptional": true
                },
                {
                  "name": "DashboardId",
                  "isOptional": true
                },
                {
                  "name": "DraftRequestParameters",
                  "isOptional": true
                },
                {
                  "name": "Query",
                  "value": "InsightsMetrics \n| where Namespace == \"prometheus\" and (\n    Name == \"reactor_netty_connection_provider_active_connections\" or \n    Name == \"reactor_netty_connection_provider_pending_connections\" or \n    Name == \"reactor_netty_connection_provider_total_connections\"\n)\n| extend App = extract(\"\\\"app\\\":\\\"(.*?)\\\"\", 1, Tags, typeof(string))\n| where App == \"core-app\"\n| extend PodName = extract(\"\\\"pod_name\\\":\\\"(.*?)\\\"\", 1, Tags, typeof(string))\n| extend RemoteAddress = extract(\"\\\"remote_address\\\":\\\"(.*?)\\\"\", 1, Tags, typeof(string))\n| where RemoteAddress == \"tspgw-app:80\"\n| extend Dimension = strcat(PodName, \" - \", Name)\n| summarize by Val, TimeGenerated, Dimension\n| render timechart \n\n",
                  "isOptional": true
                },
                {
                  "name": "ControlType",
                  "value": "FrameControlChart",
                  "isOptional": true
                },
                {
                  "name": "SpecificChart",
                  "value": "Line",
                  "isOptional": true
                },
                {
                  "name": "PartTitle",
                  "value": "Analytics",
                  "isOptional": true
                },
                {
                  "name": "PartSubTitle",
                  "value": "analytics-wp-cpecom-dev-canadacentral-001",
                  "isOptional": true
                },
                {
                  "name": "Dimensions",
                  "value": {
                    "xAxis": {
                      "name": "TimeGenerated",
                      "type": "datetime"
                    },
                    "yAxis": [
                      {
                        "name": "Val",
                        "type": "real"
                      }
                    ],
                    "splitBy": [
                      {
                        "name": "Dimension",
                        "type": "string"
                      }
                    ],
                    "aggregation": "Sum"
                  },
                  "isOptional": true
                },
                {
                  "name": "LegendOptions",
                  "value": {
                    "isEnabled": true,
                    "position": "Bottom"
                  },
                  "isOptional": true
                },
                {
                  "name": "IsQueryContainTimeRange",
                  "value": false,
                  "isOptional": true
                }
              ],
              "type": "Extension/Microsoft_OperationsManagementSuite_Workspace/PartType/LogsDashboardPart",
              "settings": {
                "content": {
                  "Query": "InsightsMetrics \n| where Namespace == \"prometheus\" and (\n    Name == \"reactor_netty_connection_provider_active_connections\" or \n    Name == \"reactor_netty_connection_provider_pending_connections\" or \n    Name == \"reactor_netty_connection_provider_total_connections\"\n)\n| extend App = extract(\"\\\"app\\\":\\\"(.*?)\\\"\", 1, Tags, typeof(string))\n| where App == \"core-app\"\n| extend PodName = extract(\"\\\"pod_name\\\":\\\"(.*?)\\\"\", 1, Tags, typeof(string))\n| extend RemoteAddress = extract(\"\\\"remote_address\\\":\\\"(.*?)\\\"\", 1, Tags, typeof(string))\n| where RemoteAddress == \"crypto-app:80\"\n| extend Dimension = strcat(PodName, \" - \", Name)\n| summarize by Val, TimeGenerated, Dimension\n| render timechart \n\n",
                  "PartTitle": "Netty connection provider - core - crypto"
                }
              }
            }
          },
          "7": {
            "position": {
              "x": 0,
              "y": 14,
              "colSpan": 9,
              "rowSpan": 4
            },
            "metadata": {
              "inputs": [
                {
                  "name": "resourceTypeMode",
                  "isOptional": true
                },
                {
                  "name": "ComponentId",
                  "isOptional": true
                },
                {
                  "name": "Scope",
                  "value": {
                    "resourceIds": [
                      "/subscriptions/67532a3a-a6ee-4e9c-a151-954f2006c51c/resourcegroups/rg-cpecom-dev-canadacentral-001/providers/microsoft.operationalinsights/workspaces/analytics-wp-cpecom-dev-canadacentral-001"
                    ]
                  },
                  "isOptional": true
                },
                {
                  "name": "PartId",
                  "value": "1e62b513-4928-4b6a-b212-e0403d61346e",
                  "isOptional": true
                },
                {
                  "name": "Version",
                  "value": "2.0",
                  "isOptional": true
                },
                {
                  "name": "TimeRange",
                  "value": "PT1H",
                  "isOptional": true
                },
                {
                  "name": "DashboardId",
                  "isOptional": true
                },
                {
                  "name": "DraftRequestParameters",
                  "isOptional": true
                },
                {
                  "name": "Query",
                  "value": "InsightsMetrics \n| where Namespace == \"prometheus\" and (\n    Name == \"reactor_netty_connection_provider_active_connections\" or \n    Name == \"reactor_netty_connection_provider_pending_connections\" or \n    Name == \"reactor_netty_connection_provider_total_connections\"\n    )\n| extend App = extract(\"\\\"app\\\":\\\"(.*?)\\\"\", 1, Tags, typeof(string))\n| where App == \"tspgw-app\"\n| extend PodName = extract(\"\\\"pod_name\\\":\\\"(.*?)\\\"\", 1, Tags, typeof(string))\n| extend RemoteAddress = extract(\"\\\"remote_address\\\":\\\"(.*?)\\\"\", 1, Tags, typeof(string))\n| where RemoteAddress == \"sandbox.api.mastercard.com:443\"\n| extend Dimension = strcat(PodName, \" - \", Name)\n| summarize by Val, TimeGenerated, Dimension\n| render timechart \n\n",
                  "isOptional": true
                },
                {
                  "name": "ControlType",
                  "value": "FrameControlChart",
                  "isOptional": true
                },
                {
                  "name": "SpecificChart",
                  "value": "Line",
                  "isOptional": true
                },
                {
                  "name": "PartTitle",
                  "value": "Analytics",
                  "isOptional": true
                },
                {
                  "name": "PartSubTitle",
                  "value": "analytics-wp-cpecom-dev-canadacentral-001",
                  "isOptional": true
                },
                {
                  "name": "Dimensions",
                  "value": {
                    "xAxis": {
                      "name": "TimeGenerated",
                      "type": "datetime"
                    },
                    "yAxis": [
                      {
                        "name": "Val",
                        "type": "real"
                      }
                    ],
                    "splitBy": [
                      {
                        "name": "Dimension",
                        "type": "string"
                      }
                    ],
                    "aggregation": "Sum"
                  },
                  "isOptional": true
                },
                {
                  "name": "LegendOptions",
                  "value": {
                    "isEnabled": true,
                    "position": "Bottom"
                  },
                  "isOptional": true
                },
                {
                  "name": "IsQueryContainTimeRange",
                  "value": false,
                  "isOptional": true
                }
              ],
              "type": "Extension/Microsoft_OperationsManagementSuite_Workspace/PartType/LogsDashboardPart",
              "settings": {
                "content": {
                  "PartTitle": "Netty connection provider - tspgw - mastercard"
                }
              }
            }
          },
          "8": {
            "position": {
              "x": 9,
              "y": 14,
              "colSpan": 9,
              "rowSpan": 4
            },
            "metadata": {
              "inputs": [
                {
                  "name": "resourceTypeMode",
                  "isOptional": true
                },
                {
                  "name": "ComponentId",
                  "isOptional": true
                },
                {
                  "name": "Scope",
                  "value": {
                    "resourceIds": [
                      "/subscriptions/67532a3a-a6ee-4e9c-a151-954f2006c51c/resourcegroups/rg-cpecom-dev-canadacentral-001/providers/microsoft.operationalinsights/workspaces/analytics-wp-cpecom-dev-canadacentral-001"
                    ]
                  },
                  "isOptional": true
                },
                {
                  "name": "PartId",
                  "value": "1e62b513-4928-4b6a-b212-e0403d61346e",
                  "isOptional": true
                },
                {
                  "name": "Version",
                  "value": "2.0",
                  "isOptional": true
                },
                {
                  "name": "TimeRange",
                  "value": "PT1H",
                  "isOptional": true
                },
                {
                  "name": "DashboardId",
                  "isOptional": true
                },
                {
                  "name": "DraftRequestParameters",
                  "isOptional": true
                },
                {
                  "name": "Query",
                  "value": "InsightsMetrics \n| where Namespace == \"prometheus\" and (\n    Name == \"reactor_netty_connection_provider_active_connections\" or \n    Name == \"reactor_netty_connection_provider_pending_connections\" or \n    Name == \"reactor_netty_connection_provider_total_connections\"\n    )\n| extend App = extract(\"\\\"app\\\":\\\"(.*?)\\\"\", 1, Tags, typeof(string))\n| where App == \"tspgw-app\"\n| extend PodName = extract(\"\\\"pod_name\\\":\\\"(.*?)\\\"\", 1, Tags, typeof(string))\n| extend RemoteAddress = extract(\"\\\"remote_address\\\":\\\"(.*?)\\\"\", 1, Tags, typeof(string))\n| where RemoteAddress == \"sandbox.api.mastercard.com:443\"\n| extend Dimension = strcat(PodName, \" - \", Name)\n| summarize by Val, TimeGenerated, Dimension\n| render timechart \n\n",
                  "isOptional": true
                },
                {
                  "name": "ControlType",
                  "value": "FrameControlChart",
                  "isOptional": true
                },
                {
                  "name": "SpecificChart",
                  "value": "Line",
                  "isOptional": true
                },
                {
                  "name": "PartTitle",
                  "value": "Analytics",
                  "isOptional": true
                },
                {
                  "name": "PartSubTitle",
                  "value": "analytics-wp-cpecom-dev-canadacentral-001",
                  "isOptional": true
                },
                {
                  "name": "Dimensions",
                  "value": {
                    "xAxis": {
                      "name": "TimeGenerated",
                      "type": "datetime"
                    },
                    "yAxis": [
                      {
                        "name": "Val",
                        "type": "real"
                      }
                    ],
                    "splitBy": [
                      {
                        "name": "Dimension",
                        "type": "string"
                      }
                    ],
                    "aggregation": "Sum"
                  },
                  "isOptional": true
                },
                {
                  "name": "LegendOptions",
                  "value": {
                    "isEnabled": true,
                    "position": "Bottom"
                  },
                  "isOptional": true
                },
                {
                  "name": "IsQueryContainTimeRange",
                  "value": false,
                  "isOptional": true
                }
              ],
              "type": "Extension/Microsoft_OperationsManagementSuite_Workspace/PartType/LogsDashboardPart",
              "settings": {
                "content": {
                  "Query": "InsightsMetrics \n| where Namespace == \"prometheus\" and (\n    Name == \"reactor_netty_connection_provider_active_connections\" or \n    Name == \"reactor_netty_connection_provider_pending_connections\" or \n    Name == \"reactor_netty_connection_provider_total_connections\"\n    )\n| extend App = extract(\"\\\"app\\\":\\\"(.*?)\\\"\", 1, Tags, typeof(string))\n| where App == \"tspgw-app\"\n| extend PodName = extract(\"\\\"pod_name\\\":\\\"(.*?)\\\"\", 1, Tags, typeof(string))\n| extend RemoteAddress = extract(\"\\\"remote_address\\\":\\\"(.*?)\\\"\", 1, Tags, typeof(string))\n| where RemoteAddress == \"cert.api.visa.com:443\"\n| extend Dimension = strcat(PodName, \" - \", Name)\n| summarize by Val, TimeGenerated, Dimension\n| render timechart \n\n",
                  "PartTitle": "Netty connection provider - tspgw - visa"
                }
              }
            }
          },
          "9": {
            "position": {
              "x": 18,
              "y": 14,
              "colSpan": 10,
              "rowSpan": 4
            },
            "metadata": {
              "inputs": [
                {
                  "name": "resourceTypeMode",
                  "isOptional": true
                },
                {
                  "name": "ComponentId",
                  "isOptional": true
                },
                {
                  "name": "Scope",
                  "value": {
                    "resourceIds": [
                      "/subscriptions/67532a3a-a6ee-4e9c-a151-954f2006c51c/resourcegroups/rg-cpecom-dev-canadacentral-001/providers/microsoft.operationalinsights/workspaces/analytics-wp-cpecom-dev-canadacentral-001"
                    ]
                  },
                  "isOptional": true
                },
                {
                  "name": "PartId",
                  "value": "1e62b513-4928-4b6a-b212-e0403d61346e",
                  "isOptional": true
                },
                {
                  "name": "Version",
                  "value": "2.0",
                  "isOptional": true
                },
                {
                  "name": "TimeRange",
                  "value": "PT1H",
                  "isOptional": true
                },
                {
                  "name": "DashboardId",
                  "isOptional": true
                },
                {
                  "name": "DraftRequestParameters",
                  "isOptional": true
                },
                {
                  "name": "Query",
                  "value": "InsightsMetrics \n| where Namespace == \"prometheus\" and (\n    Name == \"reactor_netty_connection_provider_active_connections\" or \n    Name == \"reactor_netty_connection_provider_pending_connections\" or \n    Name == \"reactor_netty_connection_provider_total_connections\"\n    )\n| extend App = extract(\"\\\"app\\\":\\\"(.*?)\\\"\", 1, Tags, typeof(string))\n| where App == \"tspgw-app\"\n| extend PodName = extract(\"\\\"pod_name\\\":\\\"(.*?)\\\"\", 1, Tags, typeof(string))\n| extend RemoteAddress = extract(\"\\\"remote_address\\\":\\\"(.*?)\\\"\", 1, Tags, typeof(string))\n| where RemoteAddress == \"sandbox.api.mastercard.com:443\"\n| extend Dimension = strcat(PodName, \" - \", Name)\n| summarize by Val, TimeGenerated, Dimension\n| render timechart \n\n",
                  "isOptional": true
                },
                {
                  "name": "ControlType",
                  "value": "FrameControlChart",
                  "isOptional": true
                },
                {
                  "name": "SpecificChart",
                  "value": "Line",
                  "isOptional": true
                },
                {
                  "name": "PartTitle",
                  "value": "Analytics",
                  "isOptional": true
                },
                {
                  "name": "PartSubTitle",
                  "value": "analytics-wp-cpecom-dev-canadacentral-001",
                  "isOptional": true
                },
                {
                  "name": "Dimensions",
                  "value": {
                    "xAxis": {
                      "name": "TimeGenerated",
                      "type": "datetime"
                    },
                    "yAxis": [
                      {
                        "name": "Val",
                        "type": "real"
                      }
                    ],
                    "splitBy": [
                      {
                        "name": "Dimension",
                        "type": "string"
                      }
                    ],
                    "aggregation": "Sum"
                  },
                  "isOptional": true
                },
                {
                  "name": "LegendOptions",
                  "value": {
                    "isEnabled": true,
                    "position": "Bottom"
                  },
                  "isOptional": true
                },
                {
                  "name": "IsQueryContainTimeRange",
                  "value": false,
                  "isOptional": true
                }
              ],
              "type": "Extension/Microsoft_OperationsManagementSuite_Workspace/PartType/LogsDashboardPart",
              "settings": {
                "content": {
                  "Query": "InsightsMetrics \n| where Namespace == \"prometheus\" and (\n    Name == \"reactor_netty_connection_provider_active_connections\" or \n    Name == \"reactor_netty_connection_provider_pending_connections\" or \n    Name == \"reactor_netty_connection_provider_total_connections\"\n    )\n| extend App = extract(\"\\\"app\\\":\\\"(.*?)\\\"\", 1, Tags, typeof(string))\n| where App == \"tspgw-app\"\n| extend PodName = extract(\"\\\"pod_name\\\":\\\"(.*?)\\\"\", 1, Tags, typeof(string))\n| extend RemoteAddress = extract(\"\\\"remote_address\\\":\\\"(.*?)\\\"\", 1, Tags, typeof(string))\n| where RemoteAddress == \"tsp-mock.azure-test-vm.int.cpecom.test:443\"\n| extend Dimension = strcat(PodName, \" - \", Name)\n| summarize by Val, TimeGenerated, Dimension\n| render timechart \n\n",
                  "PartTitle": "Netty connection provider - tspgw - tsp.mock"
                }
              }
            }
          }
        }
      }
    },
    "metadata": {
      "model": {
        "timeRange": {
          "value": {
            "relative": {
              "duration": 24,
              "timeUnit": 1
            }
          },
          "type": "MsPortalFx.Composition.Configuration.ValueTypes.TimeRange"
        },
        "filterLocale": {
          "value": "en-us"
        },
        "filters": {
          "value": {
            "MsPortalFx_TimeRange": {
              "model": {
                "format": "utc",
                "granularity": "auto",
                "relative": "30m"
              },
              "displayCache": {
                "name": "UTC Time",
                "value": "Past 30 minutes"
              },
              "filteredPartIds": [
                "StartboardPart-LogsDashboardPart-4bf796dd-d386-480c-8b00-1bd5449be78f",
                "StartboardPart-LogsDashboardPart-09e4a0a5-fdb1-4e9b-8515-9e438512405e",
                "StartboardPart-LogsDashboardPart-b641d520-276a-482f-b0ba-366bb7347062",
                "StartboardPart-LogsDashboardPart-09e4a0a5-fdb1-4e9b-8515-9e43851240ed",
                "StartboardPart-LogsDashboardPart-09e4a0a5-fdb1-4e9b-8515-9e4385124155",
                "StartboardPart-LogsDashboardPart-09e4a0a5-fdb1-4e9b-8515-9e43851241d1",
                "StartboardPart-LogsDashboardPart-b641d520-276a-482f-b0ba-366bb73470e8",
                "StartboardPart-LogsDashboardPart-b641d520-276a-482f-b0ba-366bb7347185",
                "StartboardPart-LogsDashboardPart-3bf67ba5-b714-46e6-86c7-073e15958334"
              ]
            }
          }
        }
      }
    }
  },
  "name": "Clone of CPECOM-965-netty-dashboard",
  "type": "Microsoft.Portal/dashboards",
  "location": "INSERT LOCATION",
  "tags": {
    "hidden-title": "Clone of CPECOM-965-netty-dashboard"
  },
  "apiVersion": "2015-08-01-preview"
}